{
	"APNSEnabled": true,
	"ActionConfiguration": {
		"Actions": [
			{
				"ActionBody": "{\"LifeCycleStatusName\": \"Accepted\", \"LifeCycleStatus\": \"A\"}",
				"ActionHeaders": [
				],
				"ActionName": "Accept",
				"ActionParameters": [
				],
				"ActionUrl": "/SalesOrderHeaders('${SalesOrderId}')",
				"AddCarriageReturn": false,
				"EnabledForDeviceNotification": false,
				"HttpMethod": "PATCH",
				"Labels": [
					{
						"language": "EN",
						"text": "Accept"
					}
				],
				"Nature": "Neutral"
			},
			{
				"ActionBody": "{\"LifeCycleStatusName\": \"Rejected: ${reasonForRejection}\", \"LifeCycleStatus\": \"A\"}",
				"ActionHeaders": [
				],
				"ActionName": "Reject",
				"ActionParameters": [
					{
						"defaultValue": "",
						"enabledForDeviceNotification": false,
						"isKey": false,
						"label": [
							{
								"language": "EN",
								"text": "Reason For Rejection"
							}
						],
						"maxLength": 255,
						"name": "reasonForRejection",
						"nullable": false,
						"type": "Edm.String"
					}
				],
				"ActionUrl": "/SalesOrderHeaders('${SalesOrderId}')",
				"AddCarriageReturn": false,
				"EnabledForDeviceNotification": false,
				"HttpMethod": "PATCH",
				"Labels": [
					{
						"language": "EN",
						"text": "Reject"
					}
				],
				"Nature": "Neutral"
			}
		],
		"BehaviorAfterAction": "ACTIVE",
		"Category": "0978089F-655F-42BF-AA23-956B4AC99D18",
		"XCSRFTokenUrl": "/"
	},
	"AppLaunchUrl": null,
	"AutoSubscribe": false,
	"CardClass": "HtmlTemplate",
	"CollectionType": "useCollection",
	"Connection": "com.sap.edm.sampleservice.v2",
	"CustomRequestProperties": {
		"RequestBody": "",
		"RequestHeaders": [
		],
		"RequestHttpMethod": "GET"
	},
	"CustomType": "Query",
	"DescriptionEnglish": "Show orders",
	"Descriptions": [
		{
			"language": "EN",
			"text": "Show orders"
		}
	],
	"DevelopmentStatus": "Development",
	"GatekeeperConfiguration": null,
	"HiddenSubscription": false,
	"LastModifiedAt": "2019-04-02T05:56:32.166Z",
	"LastModifiedBy": "D055066",
	"Locked": false,
	"Name": "teched_mck",
	"NewsEnabled": false,
	"NotificationMessages": {
		"Messages": [
		]
	},
	"NotificationRules": [
	],
	"Parameters": {
		"Parameters": [
			{
				"Name": "SalesOrderId",
				"Propagate": false,
				"ResourceOrderNumber": 0,
				"Value": "$.d.SalesOrderId",
				"displayName": "SalesOrderId"
			}
		]
	},
	"QueryConfiguration": {
		"CacheQueryResult": false,
		"QueryEntityKeyPaths": [
			"$.d.__metadata.uri"
		],
		"QueryURLCollectionRoot": "$.d.results"
	},
	"QueryInterval": "P1D",
	"QueryReturnsEntityCollection": true,
	"QueryType": "upToDate",
	"QueryURL": "/SalesOrderHeaders?$top=3&$expand=CustomerDetails",
	"ReferenceCardTypeId": null,
	"RefreshType": "upToDate",
	"ResourceIdentifiers": [
		{
			"ImagePaths": "",
			"Order": 0,
			"Uri": ""
		},
		{
			"ImagePaths": null,
			"Order": 1,
			"Shared": false,
			"Uri": "/SalesOrderItems?$filter=SalesOrderId%20eq%20%27${SalesOrderId}%27&$expand=ProductDetails"
		}
	],
	"SortCardsWith": null,
	"SubscribableTo": {
		"Users": [
		]
	},
	"SubscribableToValidationEnabled": false,
	"TemplateName": "User defined template",
	"UrlMatch": null,
	"Version": null,
	"changedNotification": "",
	"imagePathFront": "",
	"newNotification": "",
	"showData": "{\n    \"dataSets\": [\n        {\n            \"resourceIdentifier\": \"SalesOrderHeaders('9AD82F55-DE96-4777-AFAE-3A02EBABB245')\",\n            \"data\": {\n                \"d\": {\n                    \"CreatedAt\": \"/Date(1528994068446)/\",\n                    \"CurrencyCode\": \"EUR\",\n                    \"CustomerDetails\": {\n                        \"Address\": null,\n                        \"City\": \"Berlin\",\n                        \"Country\": \"DE\",\n                        \"CustomerId\": \"79F57743-A752-4C12-B491-817CD500AC8F\",\n                        \"DateOfBirth\": \"/Date(946684800000)/\",\n                        \"EmailAddress\": \"dagmar.schulze@beckerberlin.de\",\n                        \"FirstName\": \"Ursula\",\n                        \"HouseNumber\": \"127\",\n                        \"LastName\": \"Wexler\",\n                        \"PhoneNumber\": \"3088530\",\n                        \"PostalCode\": \"13467\",\n                        \"SalesOrders\": {\n                            \"__deferred\": {\n                                \"uri\": \"Customers('79F57743-A752-4C12-B491-817CD500AC8F')/SalesOrders\"\n                            }\n                        },\n                        \"Street\": \"Zabel-Krüger-Damm\",\n                        \"UpdatedTimestamp\": null,\n                        \"__metadata\": {\n                            \"id\": \"Customers('79F57743-A752-4C12-B491-817CD500AC8F')\",\n                            \"uri\": \"Customers('79F57743-A752-4C12-B491-817CD500AC8F')\"\n                        }\n                    },\n                    \"CustomerId\": \"79F57743-A752-4C12-B491-817CD500AC8F\",\n                    \"GrossAmount\": \"3185.630\",\n                    \"Items\": {\n                        \"__deferred\": {\n                            \"uri\": \"SalesOrderHeaders('9AD82F55-DE96-4777-AFAE-3A02EBABB245')/Items\"\n                        }\n                    },\n                    \"LifeCycleStatus\": \"N\",\n                    \"LifeCycleStatusName\": \"New\",\n                    \"NetAmount\": \"2677.000\",\n                    \"SalesOrderId\": \"9AD82F55-DE96-4777-AFAE-3A02EBABB245\",\n                    \"TaxAmount\": \"508.630\",\n                    \"__metadata\": {\n                        \"id\": \"SalesOrderHeaders('9AD82F55-DE96-4777-AFAE-3A02EBABB245')\",\n                        \"uri\": \"SalesOrderHeaders('9AD82F55-DE96-4777-AFAE-3A02EBABB245')\"\n                    }\n                }\n            }\n        },\n        {\n            \"resourceIdentifier\": \"/SalesOrderItems?$filter=SalesOrderId%20eq%20%279AD82F55-DE96-4777-AFAE-3A02EBABB245%27&$expand=ProductDetails\",\n            \"data\": {\n                \"d\": {\n                    \"results\": [\n                        {\n                            \"CurrencyCode\": \"EUR\",\n                            \"DeliveryDate\": null,\n                            \"GrossAmount\": \"34.510\",\n                            \"Header\": {\n                                \"__deferred\": {\n                                    \"uri\": \"SalesOrderItems(ItemNumber=10,SalesOrderId='9AD82F55-DE96-4777-AFAE-3A02EBABB245')/Header\"\n                                }\n                            },\n                            \"ItemNumber\": 10,\n                            \"NetAmount\": \"29.000\",\n                            \"ProductDetails\": {\n                                \"Category\": \"Software\",\n                                \"CategoryName\": \"Software\",\n                                \"CurrencyCode\": null,\n                                \"DimensionDepth\": \"4.0000\",\n                                \"DimensionHeight\": \"21.0000\",\n                                \"DimensionUnit\": \"cm\",\n                                \"DimensionWidth\": \"16.0000\",\n                                \"LongDescription\": \"Complete package, 1 User, highly recommended for internet users as anti-virus protection\",\n                                \"Name\": \"Smart Internet Antivirus\",\n                                \"PictureUrl\": \"/imgs/HT-1105.jpg\",\n                                \"Price\": \"29.000\",\n                                \"ProductId\": \"D9FF36F8-98A6-48EB-AF70-F36985D2A487\",\n                                \"QuantityUnit\": \"EA\",\n                                \"ShortDescription\": \"Complete package, 1 User, highly recommended for internet users as anti-virus protection\",\n                                \"StockDetails\": {\n                                    \"__deferred\": {\n                                        \"uri\": \"Products('D9FF36F8-98A6-48EB-AF70-F36985D2A487')/StockDetails\"\n                                    }\n                                },\n                                \"SupplierDetails\": {\n                                    \"__deferred\": {\n                                        \"uri\": \"Products('D9FF36F8-98A6-48EB-AF70-F36985D2A487')/SupplierDetails\"\n                                    }\n                                },\n                                \"SupplierId\": \"30882A4B-7CA8-44F8-A60A-E33D1CD80EC0\",\n                                \"UpdatedTimestamp\": null,\n                                \"Weight\": \"0.700\",\n                                \"WeightUnit\": \"KG\",\n                                \"__metadata\": {\n                                    \"content_type\": \"application/binary\",\n                                    \"edit_media\": \"Products('D9FF36F8-98A6-48EB-AF70-F36985D2A487')/$value\",\n                                    \"id\": \"Products('D9FF36F8-98A6-48EB-AF70-F36985D2A487')\",\n                                    \"media_src\": \"Products('D9FF36F8-98A6-48EB-AF70-F36985D2A487')/$value\",\n                                    \"uri\": \"Products('D9FF36F8-98A6-48EB-AF70-F36985D2A487')\"\n                                }\n                            },\n                            \"ProductId\": \"D9FF36F8-98A6-48EB-AF70-F36985D2A487\",\n                            \"Quantity\": \"1.000\",\n                            \"QuantityUnit\": \"EA\",\n                            \"SalesOrderId\": \"9AD82F55-DE96-4777-AFAE-3A02EBABB245\",\n                            \"TaxAmount\": \"5.510\",\n                            \"__metadata\": {\n                                \"id\": \"SalesOrderItems(ItemNumber=10,SalesOrderId='9AD82F55-DE96-4777-AFAE-3A02EBABB245')\",\n                                \"uri\": \"SalesOrderItems(ItemNumber=10,SalesOrderId='9AD82F55-DE96-4777-AFAE-3A02EBABB245')\"\n                            }\n                        },\n                        {\n                            \"CurrencyCode\": \"EUR\",\n                            \"DeliveryDate\": null,\n                            \"GrossAmount\": \"1069.810\",\n                            \"Header\": {\n                                \"__deferred\": {\n                                    \"uri\": \"SalesOrderItems(ItemNumber=20,SalesOrderId='9AD82F55-DE96-4777-AFAE-3A02EBABB245')/Header\"\n                                }\n                            },\n                            \"ItemNumber\": 20,\n                            \"NetAmount\": \"899.000\",\n                            \"ProductDetails\": {\n                                \"Category\": \"Flat Screen TVs\",\n                                \"CategoryName\": \"Flat Screen TVs\",\n                                \"CurrencyCode\": null,\n                                \"DimensionDepth\": \"23.0000\",\n                                \"DimensionHeight\": \"79.1000\",\n                                \"DimensionUnit\": \"cm\",\n                                \"DimensionWidth\": \"128.0000\",\n                                \"LongDescription\": \"41-inch, 1366x768 Pixel, 16:9, HDTV ready\",\n                                \"Name\": \"Flat Watch HD41\",\n                                \"PictureUrl\": \"/imgs/HT-6132.jpg\",\n                                \"Price\": \"899.000\",\n                                \"ProductId\": \"1D845107-7D79-49F8-A3A0-F23C34A9BC1A\",\n                                \"QuantityUnit\": \"EA\",\n                                \"ShortDescription\": \"41-inch, 1366x768 Pixel, 16:9, HDTV ready\",\n                                \"StockDetails\": {\n                                    \"__deferred\": {\n                                        \"uri\": \"Products('1D845107-7D79-49F8-A3A0-F23C34A9BC1A')/StockDetails\"\n                                    }\n                                },\n                                \"SupplierDetails\": {\n                                    \"__deferred\": {\n                                        \"uri\": \"Products('1D845107-7D79-49F8-A3A0-F23C34A9BC1A')/SupplierDetails\"\n                                    }\n                                },\n                                \"SupplierId\": \"1B250EE3-03D0-4649-A4D0-1375A7C9AA57\",\n                                \"UpdatedTimestamp\": null,\n                                \"Weight\": \"1.800\",\n                                \"WeightUnit\": \"KG\",\n                                \"__metadata\": {\n                                    \"content_type\": \"application/binary\",\n                                    \"edit_media\": \"Products('1D845107-7D79-49F8-A3A0-F23C34A9BC1A')/$value\",\n                                    \"id\": \"Products('1D845107-7D79-49F8-A3A0-F23C34A9BC1A')\",\n                                    \"media_src\": \"Products('1D845107-7D79-49F8-A3A0-F23C34A9BC1A')/$value\",\n                                    \"uri\": \"Products('1D845107-7D79-49F8-A3A0-F23C34A9BC1A')\"\n                                }\n                            },\n                            \"ProductId\": \"1D845107-7D79-49F8-A3A0-F23C34A9BC1A\",\n                            \"Quantity\": \"1.000\",\n                            \"QuantityUnit\": \"EA\",\n                            \"SalesOrderId\": \"9AD82F55-DE96-4777-AFAE-3A02EBABB245\",\n                            \"TaxAmount\": \"170.810\",\n                            \"__metadata\": {\n                                \"id\": \"SalesOrderItems(ItemNumber=20,SalesOrderId='9AD82F55-DE96-4777-AFAE-3A02EBABB245')\",\n                                \"uri\": \"SalesOrderItems(ItemNumber=20,SalesOrderId='9AD82F55-DE96-4777-AFAE-3A02EBABB245')\"\n                            }\n                        },\n                        {\n                            \"CurrencyCode\": \"EUR\",\n                            \"DeliveryDate\": null,\n                            \"GrossAmount\": \"1783.810\",\n                            \"Header\": {\n                                \"__deferred\": {\n                                    \"uri\": \"SalesOrderItems(ItemNumber=30,SalesOrderId='9AD82F55-DE96-4777-AFAE-3A02EBABB245')/Header\"\n                                }\n                            },\n                            \"ItemNumber\": 30,\n                            \"NetAmount\": \"1499.000\",\n                            \"ProductDetails\": {\n                                \"Category\": \"Multifunction Printers\",\n                                \"CategoryName\": \"Multifunction Printers\",\n                                \"CurrencyCode\": null,\n                                \"DimensionDepth\": \"42.0000\",\n                                \"DimensionHeight\": \"22.0000\",\n                                \"DimensionUnit\": \"cm\",\n                                \"DimensionWidth\": \"45.0000\",\n                                \"LongDescription\": \"Copymaster\",\n                                \"Name\": \"Copymaster\",\n                                \"PictureUrl\": \"/imgs/HT-1085.jpg\",\n                                \"Price\": \"1499.000\",\n                                \"ProductId\": \"22494862-FE3C-44D3-86E5-CB883A1E098E\",\n                                \"QuantityUnit\": \"EA\",\n                                \"ShortDescription\": \"Copymaster\",\n                                \"StockDetails\": {\n                                    \"__deferred\": {\n                                        \"uri\": \"Products('22494862-FE3C-44D3-86E5-CB883A1E098E')/StockDetails\"\n                                    }\n                                },\n                                \"SupplierDetails\": {\n                                    \"__deferred\": {\n                                        \"uri\": \"Products('22494862-FE3C-44D3-86E5-CB883A1E098E')/SupplierDetails\"\n                                    }\n                                },\n                                \"SupplierId\": \"30882A4B-7CA8-44F8-A60A-E33D1CD80EC0\",\n                                \"UpdatedTimestamp\": null,\n                                \"Weight\": \"23.200\",\n                                \"WeightUnit\": \"KG\",\n                                \"__metadata\": {\n                                    \"content_type\": \"application/binary\",\n                                    \"edit_media\": \"Products('22494862-FE3C-44D3-86E5-CB883A1E098E')/$value\",\n                                    \"id\": \"Products('22494862-FE3C-44D3-86E5-CB883A1E098E')\",\n                                    \"media_src\": \"Products('22494862-FE3C-44D3-86E5-CB883A1E098E')/$value\",\n                                    \"uri\": \"Products('22494862-FE3C-44D3-86E5-CB883A1E098E')\"\n                                }\n                            },\n                            \"ProductId\": \"22494862-FE3C-44D3-86E5-CB883A1E098E\",\n                            \"Quantity\": \"1.000\",\n                            \"QuantityUnit\": \"EA\",\n                            \"SalesOrderId\": \"9AD82F55-DE96-4777-AFAE-3A02EBABB245\",\n                            \"TaxAmount\": \"284.810\",\n                            \"__metadata\": {\n                                \"id\": \"SalesOrderItems(ItemNumber=30,SalesOrderId='9AD82F55-DE96-4777-AFAE-3A02EBABB245')\",\n                                \"uri\": \"SalesOrderItems(ItemNumber=30,SalesOrderId='9AD82F55-DE96-4777-AFAE-3A02EBABB245')\"\n                            }\n                        },\n                        {\n                            \"CurrencyCode\": \"EUR\",\n                            \"DeliveryDate\": null,\n                            \"GrossAmount\": \"297.500\",\n                            \"Header\": {\n                                \"__deferred\": {\n                                    \"uri\": \"SalesOrderItems(ItemNumber=40,SalesOrderId='9AD82F55-DE96-4777-AFAE-3A02EBABB245')/Header\"\n                                }\n                            },\n                            \"ItemNumber\": 40,\n                            \"NetAmount\": \"250.000\",\n                            \"ProductDetails\": {\n                                \"Category\": \"Flat Screen Monitors\",\n                                \"CategoryName\": \"Flat Screen Monitors\",\n                                \"CurrencyCode\": null,\n                                \"DimensionDepth\": \"12.0000\",\n                                \"DimensionHeight\": \"36.0000\",\n                                \"DimensionUnit\": \"cm\",\n                                \"DimensionWidth\": \"37.0000\",\n                                \"LongDescription\": \"Optimum Hi-Resolution Widescreen max. 1920 x 1080 @ 85Hz, Dot Pitch: 0.27mm, HDMI, D-Sub\",\n                                \"Name\": \"Bending Screen 21HD\",\n                                \"PictureUrl\": \"/imgs/HT-1254-TOP.jpg\",\n                                \"Price\": \"250.000\",\n                                \"ProductId\": \"AF1E7BB6-3577-4875-A582-D9DAD8692125\",\n                                \"QuantityUnit\": \"EA\",\n                                \"ShortDescription\": \"Optimum Hi-Resolution Widescreen max. 1920 x 1080 @ 85Hz, Dot Pitch: 0.27mm, HDMI, D-Sub\",\n                                \"StockDetails\": {\n                                    \"__deferred\": {\n                                        \"uri\": \"Products('AF1E7BB6-3577-4875-A582-D9DAD8692125')/StockDetails\"\n                                    }\n                                },\n                                \"SupplierDetails\": {\n                                    \"__deferred\": {\n                                        \"uri\": \"Products('AF1E7BB6-3577-4875-A582-D9DAD8692125')/SupplierDetails\"\n                                    }\n                                },\n                                \"SupplierId\": \"1B250EE3-03D0-4649-A4D0-1375A7C9AA57\",\n                                \"UpdatedTimestamp\": null,\n                                \"Weight\": \"15.000\",\n                                \"WeightUnit\": \"KG\",\n                                \"__metadata\": {\n                                    \"content_type\": \"application/binary\",\n                                    \"edit_media\": \"Products('AF1E7BB6-3577-4875-A582-D9DAD8692125')/$value\",\n                                    \"id\": \"Products('AF1E7BB6-3577-4875-A582-D9DAD8692125')\",\n                                    \"media_src\": \"Products('AF1E7BB6-3577-4875-A582-D9DAD8692125')/$value\",\n                                    \"uri\": \"Products('AF1E7BB6-3577-4875-A582-D9DAD8692125')\"\n                                }\n                            },\n                            \"ProductId\": \"AF1E7BB6-3577-4875-A582-D9DAD8692125\",\n                            \"Quantity\": \"1.000\",\n                            \"QuantityUnit\": \"EA\",\n                            \"SalesOrderId\": \"9AD82F55-DE96-4777-AFAE-3A02EBABB245\",\n                            \"TaxAmount\": \"47.500\",\n                            \"__metadata\": {\n                                \"id\": \"SalesOrderItems(ItemNumber=40,SalesOrderId='9AD82F55-DE96-4777-AFAE-3A02EBABB245')\",\n                                \"uri\": \"SalesOrderItems(ItemNumber=40,SalesOrderId='9AD82F55-DE96-4777-AFAE-3A02EBABB245')\"\n                            }\n                        }\n                    ]\n                }\n            }\n        }\n    ]\n}",
	"showDataBackButton": false,
	"showDataButton": true,
	"showDataPanel": false,
	"templateName": "User defined template"
}