{
	"dataSets": [{
		"resourceIdentifier": "SalesOrderHeaders('6299985c-4d26-4753-b171-9c3456bd6d24')",
		"data": {
			"d": {
				"CreatedAt": "/Date(1572437001687)/",
				"CurrencyCode": "EUR",
				"CustomerDetails": {
					"Address": {
						"City": "Mendoza",
						"Country": "AR",
						"HouseNumber": "352",
						"PostalCode": "M5519",
						"Street": "Av. Bandera de los Andes"
					},
					"City": "Mendoza",
					"Country": "AR",
					"CustomerId": "fdb415e7-94b4-49a4-b209-5061ec7377e0",
					"DateOfBirth": "/Date(946684800000)/",
					"EmailAddress": "miguel.luengo@compostela.ar",
					"FirstName": "Carla",
					"HouseNumber": "352",
					"LastName": "Cardoso",
					"PhoneNumber": "4440238917",
					"PostalCode": "M5519",
					"SalesOrders": {
						"__deferred": {
							"uri": "Customers('fdb415e7-94b4-49a4-b209-5061ec7377e0')/SalesOrders"
						}
					},
					"Street": "Av. Bandera de los Andes",
					"UpdatedTimestamp": null,
					"__metadata": {
						"id": "Customers('fdb415e7-94b4-49a4-b209-5061ec7377e0')",
						"uri": "Customers('fdb415e7-94b4-49a4-b209-5061ec7377e0')"
					}
				},
				"CustomerId": "fdb415e7-94b4-49a4-b209-5061ec7377e0",
				"GrossAmount": "1561.756",
				"Items": {
					"__deferred": {
						"uri": "SalesOrderHeaders('6299985c-4d26-4753-b171-9c3456bd6d24')/Items"
					}
				},
				"LifeCycleStatus": "N",
				"LifeCycleStatusName": "New",
				"NetAmount": "1312.400",
				"SalesOrderId": "6299985c-4d26-4753-b171-9c3456bd6d24",
				"TaxAmount": "249.356",
				"__metadata": {
					"id": "SalesOrderHeaders('6299985c-4d26-4753-b171-9c3456bd6d24')",
					"uri": "SalesOrderHeaders('6299985c-4d26-4753-b171-9c3456bd6d24')"
				}
			}
		}
	}, {
		"resourceIdentifier": "/SalesOrderItems?$filter=SalesOrderId%20eq%20%276299985c-4d26-4753-b171-9c3456bd6d24%27&$expand=ProductDetails",
		"data": {
			"d": {
				"results": [{
					"CurrencyCode": "EUR",
					"DeliveryDate": null,
					"GrossAmount": "772.310",
					"Header": {
						"__deferred": {
							"uri": "SalesOrderItems(ItemNumber=10,SalesOrderId='6299985c-4d26-4753-b171-9c3456bd6d24')/Header"
						}
					},
					"ItemNumber": 10,
					"NetAmount": "649.000",
					"ProductDetails": {
						"Category": "Smartphones",
						"CategoryName": "Smartphones",
						"CurrencyCode": "EUR",
						"DimensionDepth": "6.0000",
						"DimensionHeight": "1.5000",
						"DimensionUnit": "cm",
						"DimensionWidth": "8.0000",
						"LongDescription": "6 inch 1280x800 HD display (216 ppi), Quad-core processor, 8 GB internal storage (actual formatted capacity will be less), 3050 mAh battery (Up to 8 hours of active use), grey or black",
						"Name": "Astro Phone 6",
						"PictureUrl": "/imgs/HT-1252-RIGHT.jpg",
						"Price": "649.000",
						"ProductId": "ac07797b-e491-4878-b0b7-36bc9c0b0ca3",
						"QuantityUnit": "EA",
						"ShortDescription": "6 inch 1280x800 HD display (216 ppi), Quad-core processor, 8 GB internal storage (actual formatted capacity will be less), 3050 mAh battery (Up to 8 hours of active use), grey or black",
						"StockDetails": {
							"__deferred": {
								"uri": "Products('ac07797b-e491-4878-b0b7-36bc9c0b0ca3')/StockDetails"
							}
						},
						"SupplierDetails": {
							"__deferred": {
								"uri": "Products('ac07797b-e491-4878-b0b7-36bc9c0b0ca3')/SupplierDetails"
							}
						},
						"SupplierId": "eb0069d7-fd3a-4429-a9db-fa35120d2eb2",
						"UpdatedTimestamp": null,
						"Weight": "0.750",
						"WeightUnit": "KG",
						"__metadata": {
							"content_type": "application/binary",
							"edit_media": "Products('ac07797b-e491-4878-b0b7-36bc9c0b0ca3')/$value",
							"id": "Products('ac07797b-e491-4878-b0b7-36bc9c0b0ca3')",
							"media_src": "Products('ac07797b-e491-4878-b0b7-36bc9c0b0ca3')/$value",
							"uri": "Products('ac07797b-e491-4878-b0b7-36bc9c0b0ca3')"
						}
					},
					"ProductId": "ac07797b-e491-4878-b0b7-36bc9c0b0ca3",
					"Quantity": "1.000",
					"QuantityUnit": "EA",
					"SalesOrderId": "6299985c-4d26-4753-b171-9c3456bd6d24",
					"TaxAmount": "123.310",
					"__metadata": {
						"id": "SalesOrderItems(ItemNumber=10,SalesOrderId='6299985c-4d26-4753-b171-9c3456bd6d24')",
						"uri": "SalesOrderItems(ItemNumber=10,SalesOrderId='6299985c-4d26-4753-b171-9c3456bd6d24')"
					}
				}, {
					"CurrencyCode": "EUR",
					"DeliveryDate": null,
					"GrossAmount": "27.370",
					"Header": {
						"__deferred": {
							"uri": "SalesOrderItems(ItemNumber=20,SalesOrderId='6299985c-4d26-4753-b171-9c3456bd6d24')/Header"
						}
					},
					"ItemNumber": 20,
					"NetAmount": "23.000",
					"ProductDetails": {
						"Category": "Mice",
						"CategoryName": "Mice",
						"CurrencyCode": "EUR",
						"DimensionDepth": "0.5000",
						"DimensionHeight": "1.0000",
						"DimensionUnit": "cm",
						"DimensionWidth": "0.3000",
						"LongDescription": "Portable pocket Mouse with retracting cord",
						"Name": "Pocket Mouse",
						"PictureUrl": "/imgs/HT-1138.jpg",
						"Price": "23.000",
						"ProductId": "9f97ac81-bb60-4b91-b4b4-96e52ad50fe8",
						"QuantityUnit": "EA",
						"ShortDescription": "Portable pocket Mouse with retracting cord",
						"StockDetails": {
							"__deferred": {
								"uri": "Products('9f97ac81-bb60-4b91-b4b4-96e52ad50fe8')/StockDetails"
							}
						},
						"SupplierDetails": {
							"__deferred": {
								"uri": "Products('9f97ac81-bb60-4b91-b4b4-96e52ad50fe8')/SupplierDetails"
							}
						},
						"SupplierId": "ab5d07c3-9def-4e49-8a8d-ac129e092343",
						"UpdatedTimestamp": null,
						"Weight": "0.020",
						"WeightUnit": "KG",
						"__metadata": {
							"content_type": "application/binary",
							"edit_media": "Products('9f97ac81-bb60-4b91-b4b4-96e52ad50fe8')/$value",
							"id": "Products('9f97ac81-bb60-4b91-b4b4-96e52ad50fe8')",
							"media_src": "Products('9f97ac81-bb60-4b91-b4b4-96e52ad50fe8')/$value",
							"uri": "Products('9f97ac81-bb60-4b91-b4b4-96e52ad50fe8')"
						}
					},
					"ProductId": "9f97ac81-bb60-4b91-b4b4-96e52ad50fe8",
					"Quantity": "1.000",
					"QuantityUnit": "EA",
					"SalesOrderId": "6299985c-4d26-4753-b171-9c3456bd6d24",
					"TaxAmount": "4.370",
					"__metadata": {
						"id": "SalesOrderItems(ItemNumber=20,SalesOrderId='6299985c-4d26-4753-b171-9c3456bd6d24')",
						"uri": "SalesOrderItems(ItemNumber=20,SalesOrderId='6299985c-4d26-4753-b171-9c3456bd6d24')"
					}
				}, {
					"CurrencyCode": "EUR",
					"DeliveryDate": null,
					"GrossAmount": "653.310",
					"Header": {
						"__deferred": {
							"uri": "SalesOrderItems(ItemNumber=30,SalesOrderId='6299985c-4d26-4753-b171-9c3456bd6d24')/Header"
						}
					},
					"ItemNumber": 30,
					"NetAmount": "549.000",
					"ProductDetails": {
						"Category": "PDAs & Organizers",
						"CategoryName": "PDAs & Organizers",
						"CurrencyCode": "EUR",
						"DimensionDepth": "13.0000",
						"DimensionHeight": "12.1000",
						"DimensionUnit": "cm",
						"DimensionWidth": "8.1000",
						"LongDescription": "Our new multifunctional Handheld with phone function in copper",
						"Name": "Copperberry",
						"PictureUrl": "/imgs/HT-7000.jpg",
						"Price": "549.000",
						"ProductId": "c1d9b463-6f08-488c-824e-9de9f02f221f",
						"QuantityUnit": "EA",
						"ShortDescription": "Our new multifunctional Handheld with phone function in copper",
						"StockDetails": {
							"__deferred": {
								"uri": "Products('c1d9b463-6f08-488c-824e-9de9f02f221f')/StockDetails"
							}
						},
						"SupplierDetails": {
							"__deferred": {
								"uri": "Products('c1d9b463-6f08-488c-824e-9de9f02f221f')/SupplierDetails"
							}
						},
						"SupplierId": "3c431be3-67e5-463e-be12-954de3911520",
						"UpdatedTimestamp": null,
						"Weight": "0.500",
						"WeightUnit": "KG",
						"__metadata": {
							"content_type": "application/binary",
							"edit_media": "Products('c1d9b463-6f08-488c-824e-9de9f02f221f')/$value",
							"id": "Products('c1d9b463-6f08-488c-824e-9de9f02f221f')",
							"media_src": "Products('c1d9b463-6f08-488c-824e-9de9f02f221f')/$value",
							"uri": "Products('c1d9b463-6f08-488c-824e-9de9f02f221f')"
						}
					},
					"ProductId": "c1d9b463-6f08-488c-824e-9de9f02f221f",
					"Quantity": "1.000",
					"QuantityUnit": "EA",
					"SalesOrderId": "6299985c-4d26-4753-b171-9c3456bd6d24",
					"TaxAmount": "104.310",
					"__metadata": {
						"id": "SalesOrderItems(ItemNumber=30,SalesOrderId='6299985c-4d26-4753-b171-9c3456bd6d24')",
						"uri": "SalesOrderItems(ItemNumber=30,SalesOrderId='6299985c-4d26-4753-b171-9c3456bd6d24')"
					}
				}, {
					"CurrencyCode": "EUR",
					"DeliveryDate": null,
					"GrossAmount": "65.450",
					"Header": {
						"__deferred": {
							"uri": "SalesOrderItems(ItemNumber=40,SalesOrderId='6299985c-4d26-4753-b171-9c3456bd6d24')/Header"
						}
					},
					"ItemNumber": 40,
					"NetAmount": "55.000",
					"ProductDetails": {
						"Category": "Software",
						"CategoryName": "Software",
						"CurrencyCode": "EUR",
						"DimensionDepth": "3.0000",
						"DimensionHeight": "30.0000",
						"DimensionUnit": "cm",
						"DimensionWidth": "10.0000",
						"LongDescription": "Complete package, 1 User, various games for amusement, logic, action, jump&run",
						"Name": "Smart Games",
						"PictureUrl": "/imgs/HT-1104.jpg",
						"Price": "55.000",
						"ProductId": "0a24a857-ba40-4905-ad4f-2fa0888b6d2a",
						"QuantityUnit": "EA",
						"ShortDescription": "Complete package, 1 User, various games for amusement, logic, action, jump&run",
						"StockDetails": {
							"__deferred": {
								"uri": "Products('0a24a857-ba40-4905-ad4f-2fa0888b6d2a')/StockDetails"
							}
						},
						"SupplierDetails": {
							"__deferred": {
								"uri": "Products('0a24a857-ba40-4905-ad4f-2fa0888b6d2a')/SupplierDetails"
							}
						},
						"SupplierId": "34c4c2ae-c873-4916-bbab-e3e394ed2d06",
						"UpdatedTimestamp": null,
						"Weight": "1.100",
						"WeightUnit": "KG",
						"__metadata": {
							"content_type": "application/binary",
							"edit_media": "Products('0a24a857-ba40-4905-ad4f-2fa0888b6d2a')/$value",
							"id": "Products('0a24a857-ba40-4905-ad4f-2fa0888b6d2a')",
							"media_src": "Products('0a24a857-ba40-4905-ad4f-2fa0888b6d2a')/$value",
							"uri": "Products('0a24a857-ba40-4905-ad4f-2fa0888b6d2a')"
						}
					},
					"ProductId": "0a24a857-ba40-4905-ad4f-2fa0888b6d2a",
					"Quantity": "1.000",
					"QuantityUnit": "EA",
					"SalesOrderId": "6299985c-4d26-4753-b171-9c3456bd6d24",
					"TaxAmount": "10.450",
					"__metadata": {
						"id": "SalesOrderItems(ItemNumber=40,SalesOrderId='6299985c-4d26-4753-b171-9c3456bd6d24')",
						"uri": "SalesOrderItems(ItemNumber=40,SalesOrderId='6299985c-4d26-4753-b171-9c3456bd6d24')"
					}
				}, {
					"CurrencyCode": "EUR",
					"DeliveryDate": null,
					"GrossAmount": "43.316",
					"Header": {
						"__deferred": {
							"uri": "SalesOrderItems(ItemNumber=50,SalesOrderId='6299985c-4d26-4753-b171-9c3456bd6d24')/Header"
						}
					},
					"ItemNumber": 50,
					"NetAmount": "36.400",
					"ProductDetails": {
						"Category": "Bins & Baskets",
						"CategoryName": "Bins & Baskets",
						"CurrencyCode": "EUR",
						"DimensionDepth": null,
						"DimensionHeight": null,
						"DimensionUnit": null,
						"DimensionWidth": null,
						"LongDescription": "Environmentally sensitive recycle bin for easy recycling at your office. Attractive contemporary look with recycling icon; large capacity.",
						"Name": "Recycling Bin",
						"PictureUrl": "/imgs/258194636.jpg",
						"Price": "36.400",
						"ProductId": "b700ebeb-e9d0-48a9-a35b-96c1ddd3fb22",
						"QuantityUnit": "EA",
						"ShortDescription": "Environmentally sensitive recycle bin for easy recycling at your office. Attractive contemporary look with recycling icon; large capacity.",
						"StockDetails": {
							"__deferred": {
								"uri": "Products('b700ebeb-e9d0-48a9-a35b-96c1ddd3fb22')/StockDetails"
							}
						},
						"SupplierDetails": {
							"__deferred": {
								"uri": "Products('b700ebeb-e9d0-48a9-a35b-96c1ddd3fb22')/SupplierDetails"
							}
						},
						"SupplierId": "0a0d7478-12a7-421f-8cb4-451e4fbb1b99",
						"UpdatedTimestamp": null,
						"Weight": null,
						"WeightUnit": null,
						"__metadata": {
							"content_type": "application/binary",
							"edit_media": "Products('b700ebeb-e9d0-48a9-a35b-96c1ddd3fb22')/$value",
							"id": "Products('b700ebeb-e9d0-48a9-a35b-96c1ddd3fb22')",
							"media_src": "Products('b700ebeb-e9d0-48a9-a35b-96c1ddd3fb22')/$value",
							"uri": "Products('b700ebeb-e9d0-48a9-a35b-96c1ddd3fb22')"
						}
					},
					"ProductId": "b700ebeb-e9d0-48a9-a35b-96c1ddd3fb22",
					"Quantity": "1.000",
					"QuantityUnit": "EA",
					"SalesOrderId": "6299985c-4d26-4753-b171-9c3456bd6d24",
					"TaxAmount": "6.916",
					"__metadata": {
						"id": "SalesOrderItems(ItemNumber=50,SalesOrderId='6299985c-4d26-4753-b171-9c3456bd6d24')",
						"uri": "SalesOrderItems(ItemNumber=50,SalesOrderId='6299985c-4d26-4753-b171-9c3456bd6d24')"
					}
				}]
			}
		}
	}]
}